Date,Actual NDVI,Predicted NDVI
2020-02-24,0.3884875,0.3299164
2020-02-25,0.38151875,0.34336624
2020-02-26,0.37455,0.32840028
2020-02-27,0.36758124999999997,0.33353677
2020-02-28,0.3606125,0.3382828
2020-02-29,0.35364375,0.34612155
2020-03-01,0.34667499999999996,0.33339277
2020-03-02,0.33970625,0.36032006
2020-03-03,0.33273749999999996,0.35570407
2020-03-04,0.32576875,0.346145
2020-03-05,0.3188,0.3600717
2020-03-06,0.31925624999999996,0.34216657
2020-03-07,0.31971249999999996,0.33610317
2020-03-08,0.32016875,0.3354728
2020-03-09,0.320625,0.34423888
2020-03-10,0.32108125,0.35484782
2020-03-11,0.3215375,0.32991508
2020-03-12,0.32199374999999997,0.3404349
2020-03-13,0.32245,0.3273088
2020-03-14,0.32290625,0.30664626
2020-03-15,0.3233625,0.29532793
2020-03-16,0.32381875,0.29258308
2020-03-17,0.324275,0.2932413
2020-03-18,0.32473124999999997,0.29938927
2020-03-19,0.3251875,0.30439076
2020-03-20,0.32564375,0.3011984
2020-03-21,0.3261,0.30834073
2020-03-22,0.3516375,0.30872145
2020-03-23,0.377175,0.30523828
2020-03-24,0.40271250000000003,0.29933888
2020-03-25,0.42825,0.29399812
2020-03-26,0.4537875,0.29419863
2020-03-27,0.479325,0.30793947
2020-03-28,0.5048625,0.32661447
2020-03-29,0.5304,0.32661447
2020-03-30,0.5559375,0.31114176
2020-03-31,0.581475,0.29833087
2020-04-01,0.6070125,0.30398098
2020-04-02,0.63255,0.30635345
2020-04-03,0.6580874999999999,0.30738303
2020-04-04,0.6836249999999999,0.30398098
2020-04-05,0.7091625,0.30126822
2020-04-06,0.7347,0.30126822
2020-04-07,0.70259375,0.2970555
2020-04-08,0.6704875,0.30031627
2020-04-09,0.63838125,0.32482395
2020-04-10,0.606275,0.3430763
2020-04-11,0.57416875,0.36004013
2020-04-12,0.5420625,0.34297737
2020-04-13,0.50995625,0.34756282
2020-04-14,0.47785,0.33004013
2020-04-15,0.44574375,0.3425638
2020-04-16,0.4136375,0.3481477
2020-04-17,0.38153125,0.37227398
2020-04-18,0.349425,0.35069588
2020-04-19,0.31731875,0.37280297
2020-04-20,0.2852125,0.33770302
2020-04-21,0.25310625,0.39425322
2020-04-22,0.221,0.3504428
2020-04-23,0.22993125,0.37959206
2020-04-24,0.2388625,0.34378475
2020-04-25,0.24779375,0.37161416
2020-04-26,0.256725,0.35469738
2020-04-27,0.26565625,0.37959206
2020-04-28,0.2745875,0.35156226
2020-04-29,0.28351875,0.34326842
2020-04-30,0.29245,0.33458626
2020-05-01,0.30138125,0.34771517
2020-05-02,0.3103125,0.34441644
2020-05-03,0.31924375,0.33929345
2020-05-04,0.328175,0.32071915
2020-05-05,0.33710625,0.2818362
2020-05-06,0.3460375,0.2837598
2020-05-07,0.35496875,0.27245122
2020-05-08,0.3639,0.25445768
2020-05-09,0.3580375,0.25066096
2020-05-10,0.352175,0.2503414
2020-05-11,0.3463125,0.2503414
2020-05-12,0.34045,0.25200015
2020-05-13,0.3345875,0.25245032
2020-05-14,0.328725,0.25232095
2020-05-15,0.3228625,0.24784926
2020-05-16,0.317,0.2621653
2020-05-17,0.3111375,0.2808407
2020-05-18,0.305275,0.27044198
2020-05-19,0.29941249999999997,0.27639824
2020-05-20,0.29355,0.2939075
2020-05-21,0.2876875,0.31417602
2020-05-22,0.281825,0.30094552
2020-05-23,0.2759625,0.28979
2020-05-24,0.2701,0.301084
2020-05-25,0.27215,0.28604057
2020-05-26,0.2742,0.2911416
2020-05-27,0.27625,0.2903477
2020-05-28,0.2783,0.28979
2020-05-29,0.28035,0.30192772
2020-05-30,0.2824,0.30519643
2020-05-31,0.28445,0.30553654
2020-06-01,0.2865,0.28328875
2020-06-02,0.28855000000000003,0.28776857
2020-06-03,0.2906,0.27878952
2020-06-04,0.29265,0.27257565
2020-06-05,0.2947,0.26323575
2020-06-06,0.29675,0.26214778
2020-06-07,0.2988,0.25529945
2020-06-08,0.30085,0.2627718
2020-06-09,0.3029,0.25710142
2020-06-10,0.305175,0.260216
2020-06-11,0.30745,0.25733685
2020-06-12,0.30972500000000003,0.28360605
2020-06-13,0.312,0.2700633
2020-06-14,0.31427499999999997,0.2794188
2020-06-15,0.31655,0.27094197
2020-06-16,0.318825,0.24948382
2020-06-17,0.3211,0.24885845
2020-06-18,0.32337499999999997,0.2568289
2020-06-19,0.32565,0.260718
2020-06-20,0.327925,0.25529945
2020-06-21,0.3302,0.26718333
2020-06-22,0.33247499999999997,0.2676754
2020-06-23,0.33475,0.28558266
2020-06-24,0.337025,0.2633201
2020-06-25,0.3393,0.2698328
2020-06-26,0.33068749999999997,0.2676265
2020-06-27,0.322075,0.27277985
2020-06-28,0.3134625,0.27639824
2020-06-29,0.30485,0.27856892
2020-06-30,0.2962375,0.2826751
2020-07-01,0.287625,0.289807
2020-07-02,0.2790125,0.283379
2020-07-03,0.2704,0.28887329
2020-07-04,0.2617875,0.28748626
2020-07-05,0.253175,0.29245043
2020-07-06,0.24456250000000002,0.29446968
2020-07-07,0.23595,0.28983098
2020-07-08,0.2273375,0.28844395
2020-07-09,0.218725,0.29399925
2020-07-10,0.2101125,0.3007203
2020-07-11,0.2015,0.30366817
2020-07-12,0.19991875,0.29392177
2020-07-13,0.1983375,0.2893816
2020-07-14,0.19675625000000002,0.293512
2020-07-15,0.19517500000000002,0.2876363
2020-07-16,0.19359375,0.273389
2020-07-17,0.1920125,0.270815
2020-07-18,0.19043125,0.26046097
2020-07-19,0.18885000000000002,0.25495267
2020-07-20,0.18726875,0.25169313
2020-07-21,0.1856875,0.25513217
2020-07-22,0.18410625,0.24417865
2020-07-23,0.182525,0.24472821
2020-07-24,0.18094375000000001,0.24091351
2020-07-25,0.1793625,0.24474823
2020-07-26,0.17778125,0.24548134
2020-07-27,0.1762,0.23576865
2020-07-28,0.17926875,0.2339366
2020-07-29,0.18233749999999999,0.23682252
2020-07-30,0.18540625,0.2433159
2020-07-31,0.188475,0.24318355
2020-08-01,0.19154374999999998,0.24358113
2020-08-02,0.1946125,0.24078402
2020-08-03,0.19768125,0.25529805
2020-08-04,0.20074999999999998,0.2519344
2020-08-05,0.20381875,0.24632108
2020-08-06,0.2068875,0.24639854
2020-08-07,0.20995625,0.2391459
2020-08-08,0.213025,0.23589453
2020-08-09,0.21609375,0.24367207
2020-08-10,0.2191625,0.23895772
2020-08-11,0.22223125,0.24123651
2020-08-12,0.2253,0.25449562
2020-08-13,0.22470625,0.24586909
2020-08-14,0.2241125,0.23895772
2020-08-15,0.22351875,0.23895772
2020-08-16,0.22292499999999998,0.25206012
2020-08-17,0.22233125,0.2469052
2020-08-18,0.2217375,0.2415974
2020-08-19,0.22114375,0.24318355
2020-08-20,0.22055,0.25212
2020-08-21,0.21995625,0.24671035
2020-08-22,0.2193625,0.24882635
2020-08-23,0.21876874999999998,0.24002223
2020-08-24,0.218175,0.24147242
2020-08-25,0.21758125,0.2444843
2020-08-26,0.2169875,0.2541803
2020-08-27,0.21639375,0.25418958
2020-08-28,0.2158,0.25066096
2020-08-29,0.22118125,0.24969938
2020-08-30,0.2265625,0.25075004
2020-08-31,0.23194375,0.25075004
2020-09-01,0.237325,0.24969938
2020-09-02,0.24270624999999998,0.2512219
2020-09-03,0.2480875,0.26171777
2020-09-04,0.25346875,0.24742134
2020-09-05,0.25885,0.2534243
2020-09-06,0.26423125000000003,0.26638043
2020-09-07,0.2696125,0.24929576
2020-09-08,0.27499375,0.24434468
2020-09-09,0.280375,0.25710633
2020-09-10,0.28575625,0.250547
2020-09-11,0.2911375,0.24889691
2020-09-12,0.29651875,0.2567075
2020-09-13,0.3019,0.2523618
2020-09-14,0.29868125,0.25714928
2020-09-15,0.2954625,0.25908598
2020-09-16,0.29224375,0.250553
2020-09-17,0.289025,0.24969938
2020-09-18,0.28580625,0.250553
2020-09-19,0.2825875,0.26062405
2020-09-20,0.27936875,0.25948343
2020-09-21,0.27615,0.25420958
2020-09-22,0.27293125,0.25827593
2020-09-23,0.2697125,0.25926197
2020-09-24,0.26649375000000003,0.2685207
2020-09-25,0.26327500000000004,0.2652616
2020-09-26,0.26005625,0.2634414
2020-09-27,0.2568375,0.26064342
2020-09-28,0.25361875,0.2832864
2020-09-29,0.2504,0.2853395
2020-09-30,0.25894375000000003,0.276009
2020-10-01,0.2674875,0.27257425
2020-10-02,0.27603125,0.28286973
2020-10-03,0.284575,0.28331715
2020-10-04,0.29311875,0.2839702
2020-10-05,0.3016625,0.27882382
2020-10-06,0.31020625,0.27413923
2020-10-07,0.31875,0.25658762
2020-10-08,0.32729375,0.27415887
2020-10-09,0.3358375,0.27050036
2020-10-10,0.34438124999999997,0.2598368
2020-10-11,0.352925,0.25733685
2020-10-12,0.36146875,0.25733685
2020-10-13,0.3700125,0.2638445
2020-10-14,0.37855625000000004,0.2612047
2020-10-15,0.3871,0.26658657
2020-10-16,0.38710625,0.26586398
2020-10-17,0.38711249999999997,0.25776443
2020-10-18,0.38711875,0.26660818
2020-10-19,0.387125,0.26086405
2020-10-20,0.38713125,0.27159742
2020-10-21,0.3871375,0.26935402
2020-10-22,0.38714375,0.2853395
2020-10-23,0.38715,0.2912781
2020-10-24,0.38715625,0.29609782
2020-10-25,0.38716249999999997,0.30126822
2020-10-26,0.38716875,0.30383018
2020-10-27,0.387175,0.2946084
2020-10-28,0.38718125,0.2954792
2020-10-29,0.3871875,0.30435655
2020-10-30,0.38719375,0.3070941
2020-10-31,0.3872,0.32953247
2020-11-01,0.37708125,0.3389074
2020-11-02,0.36696249999999997,0.34177488
2020-11-03,0.35684375,0.34336624
2020-11-04,0.346725,0.34120926
2020-11-05,0.33660625,0.33568072
2020-11-06,0.3264875,0.33392313
2020-11-07,0.31636875,0.33079627
2020-11-08,0.30625,0.33710122
2020-11-09,0.29613124999999996,0.3415943
2020-11-10,0.2860125,0.3375162
2020-11-11,0.27589375,0.34470466
2020-11-12,0.265775,0.33904505
2020-11-13,0.25565625000000003,0.3402179
2020-11-14,0.2455375,0.3408675
2020-11-15,0.23541874999999998,0.33939138
2020-11-16,0.2253,0.33813056
2020-11-17,0.227225,0.3502472
2020-11-18,0.22915,0.3304397
2020-11-19,0.231075,0.31235373
2020-11-20,0.23299999999999998,0.31124285
2020-11-21,0.234925,0.29407647
2020-11-22,0.23685,0.3077928
2020-11-23,0.238775,0.30450714
2020-11-24,0.2407,0.29614574
2020-11-25,0.242625,0.28411874
2020-11-26,0.24455,0.2682713
2020-11-27,0.246475,0.2767374
2020-11-28,0.2484,0.27894053
2020-11-29,0.250325,0.27103117
2020-11-30,0.25225,0.2654576
2020-12-01,0.254175,0.2514595
2020-12-02,0.2561,0.25948954
2020-12-03,0.2628,0.26529893
2020-12-04,0.2695,0.26663736
2020-12-05,0.2762,0.26305392
2020-12-06,0.2829,0.25670138
2020-12-07,0.28959999999999997,0.2575099
2020-12-08,0.2963,0.2626819
2020-12-09,0.303,0.26507652
2020-12-10,0.3097,0.2611553
2020-12-11,0.3164,0.26593846
2020-12-12,0.3231,0.26243228
2020-12-13,0.3298,0.26732934
2020-12-14,0.33649999999999997,0.26480034
2020-12-15,0.34319999999999995,0.26560795
2020-12-16,0.3499,0.2633942
2020-12-17,0.34679375,0.26945367
2020-12-18,0.3436875,0.26630533
2020-12-19,0.34058125,0.26859334
2020-12-20,0.33747499999999997,0.2690616
2020-12-21,0.33436875,0.27727813
2020-12-22,0.3312625,0.27452722
2020-12-23,0.32815625,0.27880755
2020-12-24,0.32505,0.2849983
2020-12-25,0.32194375000000003,0.28788504
2020-12-26,0.3188375,0.27536422
2020-12-27,0.31573125,0.2941306
2020-12-28,0.31262500000000004,0.3007195
2020-12-29,0.30951875,0.30738303
2020-12-30,0.30641250000000003,0.30861735
2020-12-31,0.30330625,0.30407545
2021-01-01,0.3002,0.2990684
2021-01-02,0.29910000000000003,0.29573628
2021-01-03,0.29800000000000004,0.29956985
2021-01-04,0.2969,0.30273375
2021-01-05,0.2958,0.3047545
2021-01-06,0.2947,0.30598646
2021-01-07,0.2936,0.30437648
2021-01-08,0.29250000000000004,0.3053024
2021-01-09,0.2914,0.29454717
2021-01-10,0.2903,0.3114272
2021-01-11,0.2892,0.28748626
2021-01-12,0.2881,0.29358947
2021-01-13,0.28700000000000003,0.29614574
2021-01-14,0.28590000000000004,0.29590404
2021-01-15,0.2848,0.2941306
2021-01-16,0.2837,0.28814948
2021-01-17,0.2826,0.27775016
2021-01-18,0.2817875,0.27324313
2021-01-19,0.28097500000000003,0.27239236
2021-01-20,0.28016250000000004,0.27188087
2021-01-21,0.27935,0.28606212
2021-01-22,0.2785375,0.28788504
2021-01-23,0.277725,0.28403422
2021-01-24,0.2769125,0.27831036
2021-01-25,0.2761,0.28859797
2021-01-26,0.2752875,0.2836696
2021-01-27,0.274475,0.2849983
2021-01-28,0.27366250000000003,0.2849983
2021-01-29,0.27285000000000004,0.2849983
2021-01-30,0.2720375,0.2849983
2021-01-31,0.271225,0.2814685
2021-02-01,0.2704125,0.27765247
2021-02-02,0.2696,0.27389774
2021-02-03,0.26432500000000003,0.28329432
2021-02-04,0.25905,0.28082222
2021-02-05,0.25377500000000003,0.27875063
2021-02-06,0.2485,0.27303514
2021-02-07,0.243225,0.26496705
2021-02-08,0.23795,0.24901973
2021-02-09,0.23267500000000002,0.2659016
2021-02-10,0.2274,0.27675238
2021-02-11,0.22212500000000002,0.27096653
2021-02-12,0.21685,0.25012812
2021-02-13,0.211575,0.25282073
2021-02-14,0.20629999999999998,0.25052494
2021-02-15,0.201025,0.26546603
2021-02-16,0.19575,0.2765598
2021-02-17,0.190475,0.2763374
2021-02-18,0.1852,0.27495
2021-02-19,0.19495625,0.27168518
2021-02-20,0.2047125,0.25926197
2021-02-21,0.21446874999999999,0.2575224
2021-02-22,0.224225,0.26372844
2021-02-23,0.23398125,0.2448681
2021-02-24,0.2437375,0.26711082
2021-02-25,0.25349374999999996,0.25095055
2021-02-26,0.26325,0.25948954
2021-02-27,0.27300625,0.25948954
2021-02-28,0.28276249999999997,0.25028178
2021-03-01,0.29251875,0.26508558
2021-03-02,0.30227499999999996,0.2561107
2021-03-03,0.31203125,0.24600212
2021-03-04,0.3217875,0.2533227
2021-03-05,0.33154375,0.25956762
2021-03-06,0.3413,0.2591567
2021-03-07,0.33131875,0.26545325
2021-03-08,0.3213375,0.25917962
2021-03-09,0.31135625,0.25674626
2021-03-10,0.301375,0.26238874
2021-03-11,0.29139375,0.2621506
2021-03-12,0.2814125,0.25725654
2021-03-13,0.27143125,0.25968608
2021-03-14,0.26145,0.26630533
2021-03-15,0.25146875,0.2765598
2021-03-16,0.24148750000000002,0.27341145
2021-03-17,0.23150625000000002,0.27151176
2021-03-18,0.22152500000000003,0.282842
2021-03-19,0.21154375,0.2883475
2021-03-20,0.2015625,0.29344347
2021-03-21,0.19158125,0.29603213
2021-03-22,0.1816,0.30519238
2021-03-23,0.18399375,0.30192524
2021-03-24,0.1863875,0.29698983
2021-03-25,0.18878125,0.30423468
2021-03-26,0.191175,0.29352212
2021-03-27,0.19356875,0.28731942
2021-03-28,0.1959625,0.25750872
2021-03-29,0.19835625,0.30157134
2021-03-30,0.20075,0.2763374
2021-03-31,0.20314375,0.2739743
2021-04-01,0.2055375,0.26963183
2021-04-02,0.20793125,0.26571605
2021-04-03,0.210325,0.26266763
2021-04-04,0.21271875,0.25034648
2021-04-05,0.2151125,0.24210885
2021-04-06,0.21750625,0.25784698
2021-04-07,0.2199,0.26453477
2021-04-08,0.2126875,0.2644536
2021-04-09,0.20547500000000002,0.2477435
2021-04-10,0.1982625,0.27981943
2021-04-11,0.19105,0.27333826
2021-04-12,0.18383750000000001,0.25695467
2021-04-13,0.176625,0.25212
2021-04-14,0.16941250000000002,0.24358113
2021-04-15,0.1622,0.24287394
2021-04-16,0.1549875,0.242501
2021-04-17,0.147775,0.24055873
2021-04-18,0.1405625,0.253276
2021-04-19,0.13335,0.25602174
2021-04-20,0.1261375,0.25848418
2021-04-21,0.118925,0.25981927
2021-04-22,0.1117125,0.25516963
2021-04-23,0.1045,0.25603685
2021-04-24,0.11698125,0.25081834
2021-04-25,0.1294625,0.25342086
2021-04-26,0.14194375,0.25238246
2021-04-27,0.154425,0.24358113
2021-04-28,0.16690625,0.25212
2021-04-29,0.1793875,0.26298
2021-04-30,0.19186875000000003,0.26100975
2021-05-01,0.20435000000000003,0.26358926
2021-05-02,0.21683125000000003,0.26222596
2021-05-03,0.22931250000000003,0.26066706
2021-05-04,0.24179375000000003,0.26093006
2021-05-05,0.25427500000000003,0.2615008
2021-05-06,0.26675625000000003,0.2608153
2021-05-07,0.2792375,0.2651282
2021-05-08,0.29171875,0.25540486
2021-05-09,0.3042,0.2684244
2021-05-10,0.30478750000000004,0.36864388
2021-05-11,0.305375,0.32861874
2021-05-12,0.3059625,0.3241347
2021-05-13,0.30655,0.31778955
2021-05-14,0.3071375,0.32119736
2021-05-15,0.307725,0.2533442
2021-05-16,0.3083125,0.2477435
2021-05-17,0.3089,0.24287394
2021-05-18,0.3094875,0.24431954
2021-05-19,0.310075,0.25014815
2021-05-20,0.3106625,0.25095055
2021-05-21,0.31125,0.24782489
2021-05-22,0.3118375,0.2542157
2021-05-23,0.312425,0.25733685
2021-05-24,0.31301249999999997,0.2527731
2021-05-25,0.3136,0.26170623
2021-05-26,0.3114875,0.27311045
2021-05-27,0.309375,0.28815293
2021-05-28,0.3072625,0.28411874
2021-05-29,0.30515,0.2731885
2021-05-30,0.3030375,0.27482522
2021-05-31,0.300925,0.28760764
2021-06-01,0.2988125,0.29164183
2021-06-02,0.29669999999999996,0.29164183
2021-06-03,0.2945875,0.28482386
2021-06-04,0.292475,0.27075455
2021-06-05,0.29036249999999997,0.28012118
2021-06-06,0.28825,0.28760764
2021-06-07,0.2861375,0.2860491
2021-06-08,0.28402499999999997,0.29063788
2021-06-09,0.2819125,0.28865823
2021-06-10,0.2798,0.28960648
2021-06-11,0.27869375,0.289807
2021-06-12,0.2775875,0.27681935
2021-06-13,0.27648125,0.2783684
2021-06-14,0.275375,0.27452376
2021-06-15,0.27426875,0.2661828
2021-06-16,0.2731625,0.2652666
2021-06-17,0.27205625,0.26819378
2021-06-18,0.27095,0.2682713
2021-06-19,0.26984375,0.27239236
2021-06-20,0.2687375,0.26831743
2021-06-21,0.26763125,0.2713044
2021-06-22,0.266525,0.27854887
2021-06-23,0.26541875,0.2722702
2021-06-24,0.2643125,0.27563143
2021-06-25,0.26320625,0.260966
2021-06-26,0.2621,0.25964612
2021-06-27,0.26134375,0.24875295
2021-06-28,0.26058749999999997,0.27196434
2021-06-29,0.25983125,0.27196434
2021-06-30,0.259075,0.2652966
2021-07-01,0.25831875,0.25727728
2021-07-02,0.2575625,0.28345004
2021-07-03,0.25680625,0.2739503
2021-07-04,0.25605,0.2565235
2021-07-05,0.25529375,0.25733685
2021-07-06,0.25453749999999997,0.25733685
2021-07-07,0.25378125,0.25311208
2021-07-08,0.253025,0.25725934
2021-07-09,0.25226875,0.25733685
2021-07-10,0.2515125,0.25733685
2021-07-11,0.25075625,0.2565235
2021-07-12,0.25,0.25733685
2021-07-13,0.24990625,0.25132003
2021-07-14,0.2498125,0.25245672
2021-07-15,0.24971875,0.25627124
2021-07-16,0.24962499999999999,0.2575224
2021-07-17,0.24953125,0.25627124
2021-07-18,0.2494375,0.25455248
2021-07-19,0.24934375,0.25123623
2021-07-20,0.24925,0.25245032
2021-07-21,0.24915625,0.24930407
2021-07-22,0.2490625,0.25462678
2021-07-23,0.24896875,0.25392455
2021-07-24,0.248875,0.24966715
2021-07-25,0.24878125,0.2529645
2021-07-26,0.2486875,0.25132957
2021-07-27,0.24859375,0.2529645
2021-07-28,0.2485,0.25360653
2021-07-29,0.2547875,0.25512657
2021-07-30,0.261075,0.2542157
2021-07-31,0.2673625,0.25345582
2021-08-01,0.27365,0.2537116
2021-08-02,0.2799375,0.26264814
2021-08-03,0.286225,0.2542231
2021-08-04,0.2925125,0.26582623
2021-08-05,0.2988,0.26620424
2021-08-06,0.3050875,0.2581413
2021-08-07,0.311375,0.2542231
2021-08-08,0.3176625,0.25346962
2021-08-09,0.32395,0.25221843
2021-08-10,0.3302375,0.28513578
2021-08-11,0.336525,0.28665522
2021-08-12,0.3428125,0.25317848
2021-08-13,0.3491,0.25305083
2021-08-14,0.34208750000000004,0.26242986
2021-08-15,0.335075,0.25464788
2021-08-16,0.32806250000000003,0.2575224
2021-08-17,0.32105,0.27050036
2021-08-18,0.3140375,0.27050036
2021-08-19,0.307025,0.25918505
2021-08-20,0.3000125,0.25213647
2021-08-21,0.29300000000000004,0.2707929
2021-08-22,0.2859875,0.28286973
2021-08-23,0.278975,0.2831471
2021-08-24,0.2719625,0.29457584
2021-08-25,0.26495,0.29447466
2021-08-26,0.2579375,0.29348662
2021-08-27,0.250925,0.29444432
2021-08-28,0.2439125,0.29214993
2021-08-29,0.2369,0.29188254
2021-08-30,0.23602499999999998,0.2817401
2021-08-31,0.23515,0.2803986
2021-09-01,0.234275,0.29392177
2021-09-02,0.2334,0.30834073
2021-09-03,0.23252499999999998,0.30738303
2021-09-04,0.23165,0.29958934
2021-09-05,0.230775,0.2783684
2021-09-06,0.2299,0.27281368
2021-09-07,0.22902499999999998,0.28495988
2021-09-08,0.22815,0.27115667
2021-09-09,0.227275,0.25965688
2021-09-10,0.2264,0.26039788
2021-09-11,0.22552499999999998,0.27297014
2021-09-12,0.22465,0.2669595
2021-09-13,0.223775,0.25948718
2021-09-14,0.2229,0.25075004
2021-09-15,0.2205,0.25095055
2021-09-16,0.2181,0.25075004
2021-09-17,0.2157,0.25095055
2021-09-18,0.2133,0.24519762
2021-09-19,0.2109,0.24405567
2021-09-20,0.2085,0.24782489
2021-09-21,0.2061,0.2549827
2021-09-22,0.2037,0.26360294
2021-09-23,0.2013,0.2626819
2021-09-24,0.1989,0.26507652
2021-09-25,0.1965,0.25948954
2021-09-26,0.1941,0.2626819
2021-09-27,0.1917,0.25790325
2021-09-28,0.1893,0.2531642
2021-09-29,0.1869,0.25948954
2021-09-30,0.1845,0.25790325
2021-10-01,0.18603125,0.25719225
2021-10-02,0.1875625,0.25908598
2021-10-03,0.18909375,0.25254527
2021-10-04,0.190625,0.24548465
2021-10-05,0.19215625,0.24935207
2021-10-06,0.19368749999999998,0.24471998
2021-10-07,0.19521875,0.2369508
2021-10-08,0.19674999999999998,0.23462915
2021-10-09,0.19828125,0.24280441
2021-10-10,0.1998125,0.24855773
2021-10-11,0.20134375,0.2536144
2021-10-12,0.202875,0.25656962
2021-10-13,0.20440624999999998,0.2433159
2021-10-14,0.2059375,0.25531232
2021-10-15,0.20746874999999998,0.26055023
2021-10-16,0.209,0.26617157
2021-10-17,0.2109125,0.26119795
2021-10-18,0.212825,0.2531092
2021-10-19,0.2147375,0.26392007
2021-10-20,0.21665,0.26106548
2021-10-21,0.2185625,0.26208
2021-10-22,0.220475,0.25795725
2021-10-23,0.2223875,0.25475174
2021-10-24,0.2243,0.25656962
2021-10-25,0.2262125,0.25614405
2021-10-26,0.228125,0.2583745
2021-10-27,0.2300375,0.25389168
2021-10-28,0.23195,0.2574646
2021-10-29,0.2338625,0.2514581
2021-10-30,0.235775,0.253276
2021-10-31,0.2376875,0.2559348
2021-11-01,0.2396,0.24719718
2021-11-02,0.2503875,0.24778089
2021-11-03,0.261175,0.2555417
2021-11-04,0.2719625,0.2611577
2021-11-05,0.28275,0.2625239
2021-11-06,0.2935375,0.2634752
2021-11-07,0.304325,0.25908598
2021-11-08,0.3151125,0.25014946
2021-11-09,0.3259,0.26171777
2021-11-10,0.33668750000000003,0.26601726
2021-11-11,0.347475,0.26288122
2021-11-12,0.3582625,0.26529893
2021-11-13,0.36905,0.26529893
2021-11-14,0.3798375,0.25725654
2021-11-15,0.390625,0.2621506
2021-11-16,0.4014125,0.26529893
2021-11-17,0.4122,0.26549995
2021-11-18,0.41503125,0.26152092
2021-11-19,0.4178625,0.26945367
2021-11-20,0.42069375000000003,0.26773667
2021-11-21,0.42352500000000004,0.27050036
2021-11-22,0.42635625,0.2819559
2021-11-23,0.4291875,0.28656986
2021-11-24,0.43201875,0.28601086
2021-11-25,0.43485,0.28932184
2021-11-26,0.43768125,0.30653438
2021-11-27,0.44051250000000003,0.29974866
2021-11-28,0.44334375000000004,0.28725258
2021-11-29,0.446175,0.2940787
2021-11-30,0.44900625,0.3084262
2021-12-01,0.4518375,0.32452503
2021-12-02,0.45466875,0.34776655
2021-12-03,0.4575,0.33608508
2021-12-04,0.4424,0.34229514
2021-12-05,0.4273,0.35431305
2021-12-06,0.4122,0.35431305
2021-12-07,0.3971,0.35431305
2021-12-08,0.382,0.35410064
2021-12-09,0.3669,0.3649117
2021-12-10,0.3518,0.36842257
2021-12-11,0.3367,0.35972393
2021-12-12,0.3216,0.35613298
2021-12-13,0.3065,0.35553217
2021-12-14,0.2914,0.35588762
2021-12-15,0.2763,0.35465726
2021-12-16,0.2612,0.36404046
2021-12-17,0.2588125,0.34948683
2021-12-18,0.256425,0.36089212
2021-12-19,0.25403749999999997,0.36404046
2021-12-20,0.25165,0.35226804
2021-12-21,0.2492625,0.35553217
2021-12-22,0.24687499999999998,0.36709937
2021-12-23,0.2444875,0.35189533
2021-12-24,0.24209999999999998,0.33582726
2021-12-25,0.2397125,0.33267766
2021-12-26,0.237325,0.3110153
2021-12-27,0.2349375,0.30170608
2021-12-28,0.23255,0.30806944
2021-12-29,0.2301625,0.30738303
2021-12-30,0.227775,0.285585
2021-12-31,0.22538750000000002,0.28578985
2022-01-01,0.223,0.2745961
2022-01-02,0.22488125,0.25787368
2022-01-03,0.2267625,0.27252477
2022-01-04,0.22864375,0.2711563
2022-01-05,0.230525,0.2697303
2022-01-06,0.23240625,0.2687688
2022-01-07,0.2342875,0.27004603
2022-01-08,0.23616875,0.26534098
2022-01-09,0.23804999999999998,0.266611
2022-01-10,0.23993124999999998,0.26343971
2022-01-11,0.24181249999999999,0.26097766
2022-01-12,0.24369375,0.25451314
2022-01-13,0.245575,0.2548548
2022-01-14,0.24745625,0.26557556
2022-01-15,0.2493375,0.26212132
2022-01-16,0.25121875,0.25136584
2022-01-17,0.2531,0.2544482
2022-01-18,0.2558875,0.261733
2022-01-19,0.258675,0.25946775
2022-01-20,0.2614625,0.26379457
2022-01-21,0.26425,0.24969938
2022-01-22,0.2670375,0.25700688
2022-01-23,0.269825,0.2626819
2022-01-24,0.2726125,0.25095055
2022-01-25,0.2754,0.2575099
2022-01-26,0.27818750000000003,0.26601726
2022-01-27,0.28097500000000003,0.2662151
2022-01-28,0.28376250000000003,0.26571605
2022-01-29,0.28655,0.25119254
2022-01-30,0.2893375,0.2679487
2022-01-31,0.292125,0.26242986
2022-02-01,0.2949125,0.24840389
2022-02-02,0.2977,0.25109002
2022-02-03,0.2961375,0.26658657
2022-02-04,0.29457500000000003,0.27058306
2022-02-05,0.2930125,0.2701376
2022-02-06,0.29145,0.27804884
2022-02-07,0.2898875,0.25733685
2022-02-08,0.288325,0.25858802
2022-02-09,0.28676250000000003,0.27683643
2022-02-10,0.2852,0.27284247
2022-02-11,0.2836375,0.27050036
2022-02-12,0.282075,0.27803332
2022-02-13,0.2805125,0.26639655
2022-02-14,0.27895000000000003,0.26309827
2022-02-15,0.2773875,0.2645325
2022-02-16,0.275825,0.26814207
2022-02-17,0.2742625,0.26935402
2022-02-18,0.2727,0.2676754
2022-02-19,0.27219375,0.26876262
2022-02-20,0.27168749999999997,0.2682713
2022-02-21,0.27118125,0.28227383
2022-02-22,0.270675,0.28512758
2022-02-23,0.27016875,0.27606055
2022-02-24,0.2696625,0.2692924
2022-02-25,0.26915625,0.27864835
2022-02-26,0.26865,0.2827129
2022-02-27,0.26814375,0.27365178
2022-02-28,0.2676375,0.28015012
2022-03-01,0.26713125,0.27391353
2022-03-02,0.266625,0.27403337
2022-03-03,0.26611875,0.2702598
2022-03-04,0.26561250000000003,0.27820197
2022-03-05,0.26510625,0.27702597
2022-03-06,0.2646,0.27341145
2022-03-07,0.27451875,0.2765598
2022-03-08,0.2844375,0.27495
2022-03-09,0.29435625,0.27313212
2022-03-10,0.304275,0.27495
2022-03-11,0.31419375,0.2765598
2022-03-12,0.3241125,0.2765598
2022-03-13,0.33403125,0.27683643
2022-03-14,0.34395,0.2752884
2022-03-15,0.35386875,0.2752884
2022-03-16,0.36378750000000004,0.27495
2022-03-17,0.37370625,0.27313212
2022-03-18,0.383625,0.26361725
2022-03-19,0.39354374999999997,0.2685207
2022-03-20,0.4034625,0.2736927
2022-03-21,0.41338125000000003,0.2765598
2022-03-22,0.4233,0.2662566
2022-03-23,0.41966875000000003,0.27284247
2022-03-24,0.4160375,0.27651078
2022-03-25,0.41240625000000003,0.27815613
2022-03-26,0.408775,0.2838092
2022-03-27,0.40514375,0.2838845
2022-03-28,0.4015125,0.29758182
2022-03-29,0.39788125,0.2998884
2022-03-30,0.39425,0.30464447
2022-03-31,0.39061875,0.30464447
2022-04-01,0.38698750000000004,0.29649416
2022-04-02,0.38335625,0.29913375
2022-04-03,0.37972500000000003,0.3115547
2022-04-04,0.37609375,0.33392718
2022-04-05,0.37246250000000003,0.3459472
2022-04-06,0.36883125,0.35088676
2022-04-07,0.3652,0.3511647
2022-04-08,0.363225,0.3511647
2022-04-09,0.36125,0.3511647
2022-04-10,0.359275,0.3511647
2022-04-11,0.3573,0.3518143
2022-04-12,0.355325,0.34771726
2022-04-13,0.35335,0.33886886
2022-04-14,0.351375,0.35067436
2022-04-15,0.34940000000000004,0.34567058
2022-04-16,0.34742500000000004,0.34567058
2022-04-17,0.34545000000000003,0.3301156
2022-04-18,0.34347500000000003,0.32983226
2022-04-19,0.3415,0.32855833
2022-04-20,0.339525,0.33129865
2022-04-21,0.33755,0.31743315
2022-04-22,0.335575,0.3270462
2022-04-23,0.3336,0.3061296
2022-04-24,0.33642500000000003,0.302938
2022-04-25,0.33925,0.29296944
2022-04-26,0.342075,0.2915771
2022-04-27,0.34490000000000004,0.29582414
2022-04-28,0.347725,0.29547435
2022-04-29,0.35055000000000003,0.2913421
2022-04-30,0.353375,0.3036836
2022-05-01,0.3562,0.2966601
2022-05-02,0.35902500000000004,0.28689894
2022-05-03,0.36185,0.29407647
2022-05-04,0.364675,0.2965076
2022-05-05,0.36750000000000005,0.29974866
2022-05-06,0.370325,0.2946084
2022-05-07,0.37315000000000004,0.2940866
2022-05-08,0.37597500000000006,0.29399925
2022-05-09,0.3788,0.2946084
2022-05-10,0.3725,0.29399925
2022-05-11,0.3662,0.3011984
2022-05-12,0.3599,0.3047545
2022-05-13,0.3536,0.3007203
2022-05-14,0.34730000000000005,0.3024017
2022-05-15,0.341,0.30079535
2022-05-16,0.3347,0.30284306
2022-05-17,0.3284,0.297454
2022-05-18,0.3221,0.29948017
2022-05-19,0.3158,0.2904834
2022-05-20,0.3095,0.29270697
2022-05-21,0.3032,0.29245794
2022-05-22,0.29690000000000005,0.2994052
2022-05-23,0.2906,0.30716887
2022-05-24,0.2843,0.31037295
2022-05-25,0.278,0.31721777
2022-05-26,0.28266875,0.32277885
2022-05-27,0.2873375,0.30418018
2022-05-28,0.29200625,0.31206658
2022-05-29,0.296675,0.3051974
2022-05-30,0.30134375,0.2911416
2022-05-31,0.3060125,0.28776407
2022-06-01,0.31068125,0.30439076
2022-06-02,0.31535,0.2987455
2022-06-03,0.32001875,0.30284038
2022-06-04,0.3246875,0.30031052
2022-06-05,0.32935625,0.29780868
2022-06-06,0.334025,0.2783684
2022-06-07,0.33869375,0.26267532
2022-06-08,0.3433625,0.2682713
2022-06-09,0.34803125,0.26814207
2022-06-10,0.3527,0.260966
2022-06-11,0.34143125,0.26130077
2022-06-12,0.3301625,0.26421067
2022-06-13,0.31889375000000003,0.26865357
2022-06-14,0.30762500000000004,0.2689124
2022-06-15,0.29635625,0.2682713
2022-06-16,0.2850875,0.28286973
2022-06-17,0.27381875,0.28815293
2022-06-18,0.26255,0.2925354
2022-06-19,0.25128125,0.2894247
2022-06-20,0.24001250000000002,0.29358947
2022-06-21,0.22874375,0.29399812
2022-06-22,0.217475,0.29446968
2022-06-23,0.20620625,0.29399925
2022-06-24,0.19493749999999999,0.2938964
2022-06-25,0.18366875,0.29874066
2022-06-26,0.1724,0.28741044
2022-06-27,0.16459375,0.29136333
2022-06-28,0.1567875,0.29399925
2022-06-29,0.14898125,0.2948652
2022-06-30,0.141175,0.29419863
2022-07-01,0.13336874999999998,0.27639824
2022-07-02,0.1255625,0.27160725
2022-07-03,0.11775625,0.2616256
2022-07-04,0.10994999999999999,0.24784926
2022-07-05,0.10214374999999999,0.25132003
2022-07-06,0.09433749999999999,0.24741492
2022-07-07,0.08653124999999999,0.25382784
2022-07-08,0.07872499999999999,0.24969938
2022-07-09,0.07091874999999999,0.25014815
2022-07-10,0.0631125,0.24002223
2022-07-11,0.05530625,0.24318355
2022-07-12,0.0475,0.24856459
2022-07-13,0.05920625,0.26194355
2022-07-14,0.0709125,0.25354123
2022-07-15,0.08261875,0.26981094
2022-07-16,0.094325,0.26138535
2022-07-17,0.10603125000000001,0.26115686
2022-07-18,0.11773750000000001,0.26319644
2022-07-19,0.12944375000000002,0.26493117
2022-07-20,0.14115,0.26493117
2022-07-21,0.15285625000000003,0.2689923
2022-07-22,0.1645625,0.27497274
2022-07-23,0.17626875000000003,0.26555333
2022-07-24,0.187975,0.26634708
2022-07-25,0.19968125000000003,0.26222295
2022-07-26,0.2113875,0.26603743
2022-07-27,0.22309375000000004,0.26634708
2022-07-28,0.2348,0.26634708
2022-07-29,0.22678125000000002,0.26634708
2022-07-30,0.2187625,0.26634708
2022-07-31,0.21074375,0.26957068
2022-08-01,0.202725,0.26416296
2022-08-02,0.19470625,0.26568565
2022-08-03,0.1866875,0.2592633
2022-08-04,0.17866875,0.26462153
2022-08-05,0.17065,0.2724232
2022-08-06,0.16263125,0.26187998
2022-08-07,0.15461249999999999,0.26083204
2022-08-08,0.14659375,0.25303456
2022-08-09,0.138575,0.2477435
2022-08-10,0.13055624999999998,0.24639854
2022-08-11,0.12253749999999998,0.24028745
2022-08-12,0.11451874999999997,0.25104538
2022-08-13,0.1065,0.2575099
2022-08-14,0.11275,0.25095055
2022-08-15,0.119,0.24996887
2022-08-16,0.12525,0.25066096
2022-08-17,0.1315,0.24250643
2022-08-18,0.13774999999999998,0.24369195
2022-08-19,0.144,0.24722362
2022-08-20,0.15025,0.25409856
2022-08-21,0.1565,0.24586909
2022-08-22,0.16275,0.25040117
2022-08-23,0.16899999999999998,0.27194476
2022-08-24,0.17525,0.26024184
2022-08-25,0.1815,0.27571884
2022-08-26,0.18774999999999997,0.26826072
2022-08-27,0.194,0.26100877
2022-08-28,0.20024999999999998,0.26837015
2022-08-29,0.2065,0.2718234
2022-08-30,0.2047375,0.26565972
2022-08-31,0.202975,0.27244556
2022-09-01,0.2012125,0.27633023
2022-09-02,0.19945,0.2651282
2022-09-03,0.1976875,0.27241883
2022-09-04,0.195925,0.26176602
2022-09-05,0.1941625,0.26093006
2022-09-06,0.1924,0.25161538
2022-09-07,0.1906375,0.2734361
2022-09-08,0.188875,0.2577601
2022-09-09,0.1871125,0.25791717
2022-09-10,0.18535,0.2578174
2022-09-11,0.1835875,0.2578174
2022-09-12,0.181825,0.2519656
2022-09-13,0.1800625,0.2433159
2022-09-14,0.1783,0.24724005
2022-09-15,0.18413125,0.24724005
2022-09-16,0.18996249999999998,0.2520044
2022-09-17,0.19579375,0.24431954
2022-09-18,0.201625,0.25238246
2022-09-19,0.20745624999999998,0.25238246
2022-09-20,0.2132875,0.25695467
2022-09-21,0.21911875,0.25956762
2022-09-22,0.22494999999999998,0.25875616
2022-09-23,0.23078125,0.25458977
2022-09-24,0.2366125,0.2583637
2022-09-25,0.24244375,0.26392007
2022-09-26,0.248275,0.2637593
2022-09-27,0.25410625,0.26324826
2022-09-28,0.2599375,0.26298
2022-09-29,0.26576875,0.26100975
2022-09-30,0.2716,0.2578174
2022-10-01,0.27048125,0.25538197
2022-10-02,0.2693625,0.2580056
2022-10-03,0.26824375,0.24564645
2022-10-04,0.267125,0.24287394
2022-10-05,0.26600625,0.25036168
2022-10-06,0.2648875,0.25182208
2022-10-07,0.26376875,0.25332212
2022-10-08,0.26265,0.26489538
2022-10-09,0.26153125,0.26360294
2022-10-10,0.2604125,0.2626819
2022-10-11,0.25929375,0.26432425
2022-10-12,0.258175,0.26368517
2022-10-13,0.25705625,0.26242986
2022-10-14,0.2559375,0.26818228
2022-10-15,0.25481875,0.2751346
2022-10-16,0.2537,0.2736518
2022-10-17,0.250475,0.27284247
2022-10-18,0.24724999999999997,0.2765598
2022-10-19,0.244025,0.2765598
2022-10-20,0.2408,0.27727813
2022-10-21,0.23757499999999998,0.2765598
2022-10-22,0.23435,0.27727813
2022-10-23,0.231125,0.27406105
2022-10-24,0.2279,0.27030742
2022-10-25,0.22467499999999999,0.27064782
2022-10-26,0.22144999999999998,0.27379617
2022-10-27,0.218225,0.26575375
2022-10-28,0.215,0.27064782
2022-10-29,0.211775,0.26987064
2022-10-30,0.20855,0.26800796
2022-10-31,0.205325,0.2667164
2022-11-01,0.2021,0.266938
2022-11-02,0.20719375,0.26900303
2022-11-03,0.21228750000000002,0.26698154
2022-11-04,0.21738125,0.26687953
2022-11-05,0.222475,0.26550364
2022-11-06,0.22756875000000001,0.2627901
2022-11-07,0.2326625,0.26278326
2022-11-08,0.23775625,0.26278326
2022-11-09,0.24285,0.26601726
2022-11-10,0.24794375000000002,0.2621506
2022-11-11,0.2530375,0.26288122
2022-11-12,0.25813125000000003,0.26198736
2022-11-13,0.26322500000000004,0.26094952
2022-11-14,0.26831875,0.25957343
2022-11-15,0.2734125,0.26854864
2022-11-16,0.27850625,0.26256126
2022-11-17,0.2836,0.24040137
2022-11-18,0.28902500000000003,0.26412934
2022-11-19,0.29445,0.254846
2022-11-20,0.299875,0.25697696
2022-11-21,0.3053,0.24988292
2022-11-22,0.31072500000000003,0.26467296
2022-11-23,0.31615000000000004,0.26420707
2022-11-24,0.321575,0.26507652
2022-11-25,0.327,0.26529893
2022-11-26,0.332425,0.26727688
2022-11-27,0.33785,0.26876596
2022-11-28,0.343275,0.26940462
2022-11-29,0.3487,0.273019
2022-11-30,0.354125,0.27338386
2022-12-01,0.35955,0.28580335
2022-12-02,0.364975,0.26851743
2022-12-03,0.3704,0.2756061
2022-12-04,0.36785384615384614,0.26970598
2022-12-05,0.36530769230769233,0.2742125
2022-12-06,0.36276153846153847,0.28460327
2022-12-07,0.3602153846153846,0.28788504
2022-12-08,0.3576692307692308,0.2906417
2022-12-09,0.35512307692307693,0.2941306
2022-12-10,0.35257692307692307,0.29662383
2022-12-11,0.35003076923076926,0.29399812
2022-12-12,0.3474846153846154,0.3053024
2022-12-13,0.3449384615384615,0.30806944
2022-12-14,0.34239230769230766,0.3077928
2022-12-15,0.33984615384615385,0.3077928
2022-12-16,0.3373,0.30079535
2022-12-17,0.33615625,0.30111018
2022-12-18,0.3350125,0.3047851
2022-12-19,0.33386875,0.3080829
2022-12-20,0.332725,0.3153354
2022-12-21,0.33158125,0.29860106
2022-12-22,0.3304375,0.29296944
2022-12-23,0.32929375,0.29975992
2022-12-24,0.32815,0.29727387
2022-12-25,0.32700625,0.29527003
2022-12-26,0.3258625,0.297454
2022-12-27,0.32471875,0.30148068
2022-12-28,0.323575,0.2965698
2022-12-29,0.32243125,0.29800063
2022-12-30,0.3212875,0.29071
2022-12-31,0.32014375,0.29144475
2023-01-01,0.319,0.29884365
2023-01-02,0.31355625,0.29096216
2023-01-03,0.3081125,0.29096216
2023-01-04,0.30266875,0.2964419
2023-01-05,0.297225,0.29096216
2023-01-06,0.29178125,0.30464447
2023-01-07,0.2863375,0.3039232
2023-01-08,0.28089375,0.30462337
2023-01-09,0.27545,0.30519238
2023-01-10,0.27000625,0.305923
2023-01-11,0.2645625,0.30519238
2023-01-12,0.25911875,0.30967915
2023-01-13,0.253675,0.30423468
2023-01-14,0.24823125000000001,0.30366567
2023-01-15,0.2427875,0.30366567
2023-01-16,0.23734375,0.30366567
2023-01-17,0.2319,0.30169088
2023-01-18,0.23186874999999998,0.3029655
2023-01-19,0.2318375,0.30118504
2023-01-20,0.23180625,0.29164183
2023-01-21,0.231775,0.28906584
2023-01-22,0.23174375,0.28118837
2023-01-23,0.2317125,0.28681794
2023-01-24,0.23168125,0.27673393
2023-01-25,0.23165,0.27753836
2023-01-26,0.23161874999999998,0.27341145
2023-01-27,0.2315875,0.27214226
2023-01-28,0.23155625,0.27284247
2023-01-29,0.23152499999999998,0.27064782
2023-01-30,0.23149375,0.26630533
2023-01-31,0.2314625,0.26502165
2023-02-01,0.23143125,0.26593846
2023-02-02,0.2314,0.26266763
2023-02-03,0.22761874999999998,0.26212132
2023-02-04,0.2238375,0.26416525
2023-02-05,0.22005625,0.2621506
2023-02-06,0.216275,0.25948954
2023-02-07,0.21249374999999998,0.25948954
2023-02-08,0.2087125,0.25948954
2023-02-09,0.20493125,0.26212132
2023-02-10,0.20115,0.26549995
2023-02-11,0.19736874999999998,0.26663736
2023-02-12,0.1935875,0.25499573
2023-02-13,0.18980625,0.25451314
2023-02-14,0.186025,0.26601726
2023-02-15,0.18224374999999998,0.2621506
2023-02-16,0.1784625,0.2601758
2023-02-17,0.17468125,0.2621506
2023-02-18,0.1709,0.254261
2023-02-19,0.18255625,0.254261
2023-02-20,0.1942125,0.254261
2023-02-21,0.20586875,0.2548548
2023-02-22,0.217525,0.26247767
2023-02-23,0.22918125,0.26327696
2023-02-24,0.24083749999999998,0.25801066
2023-02-25,0.25249375,0.25690737
2023-02-26,0.26415,0.24290496
2023-02-27,0.27580625000000003,0.24600212
2023-02-28,0.2874625,0.24882345
2023-03-01,0.29911875,0.25671303
2023-03-02,0.310775,0.2613617
2023-03-03,0.32243125,0.26461333
2023-03-04,0.3340875,0.26526505
2023-03-05,0.34574375,0.25477302
2023-03-06,0.3574,0.25546893
2023-03-07,0.34801875,0.25673664
2023-03-08,0.3386375,0.25511467
2023-03-09,0.32925625000000003,0.25544384
2023-03-10,0.319875,0.25674626
2023-03-11,0.31049375,0.2658039
2023-03-12,0.3011125,0.2548548
2023-03-13,0.29173125,0.2622211
2023-03-14,0.28235,0.25900954
2023-03-15,0.27296875,0.27341145
2023-03-16,0.26358750000000003,0.28100303
2023-03-17,0.25420625,0.28204516
2023-03-18,0.24482500000000001,0.27939832
2023-03-19,0.23544375,0.2945517
2023-03-20,0.22606250000000003,0.30738303
2023-03-21,0.21668125000000002,0.3071773
2023-03-22,0.2073,0.32066905
2023-03-23,0.204825,0.2891708
2023-03-24,0.20235,0.29449248
2023-03-25,0.199875,0.29399925
2023-03-26,0.19740000000000002,0.31504714
2023-03-27,0.19492500000000001,0.3103508
2023-03-28,0.19245,0.285628
2023-03-29,0.189975,0.28731942
2023-03-30,0.1875,0.28451827
2023-03-31,0.185025,0.27391353
2023-04-01,0.18255,0.2765598
2023-04-02,0.18007499999999999,0.25546235
2023-04-03,0.17759999999999998,0.2665723
2023-04-04,0.17512499999999998,0.2585295
2023-04-05,0.17265,0.2610249
2023-04-06,0.170175,0.26158157
2023-04-07,0.1677,0.2618795
2023-04-08,0.17518124999999998,0.25793123
2023-04-09,0.18266249999999998,0.25036168
2023-04-10,0.19014375,0.25674626
2023-04-11,0.197625,0.2574646
2023-04-12,0.20510625,0.25956762
2023-04-13,0.21258749999999998,0.25956762
2023-04-14,0.22006874999999998,0.25956762
2023-04-15,0.22754999999999997,0.2613617
2023-04-16,0.23503124999999997,0.26392007
2023-04-17,0.2425125,0.26545325
2023-04-18,0.24999375,0.26510423
2023-04-19,0.257475,0.26028717
2023-04-20,0.26495625,0.25583774
2023-04-21,0.2724375,0.26360017
2023-04-22,0.27991875,0.25664946
2023-04-23,0.2874,0.2483244
2023-04-24,0.29219375,0.24995922
2023-04-25,0.29698749999999996,0.248722
2023-04-26,0.30178125,0.27470535
2023-04-27,0.306575,0.26669657
2023-04-28,0.31136874999999997,0.24287394
2023-04-29,0.3161625,0.23462915
2023-04-30,0.32095625,0.23915893
2023-05-01,0.32575,0.26624113
2023-05-02,0.33054374999999997,0.27367872
2023-05-03,0.33533749999999996,0.2734217
2023-05-04,0.34013125,0.25119254
2023-05-05,0.344925,0.25401518
2023-05-06,0.34971874999999997,0.25632945
2023-05-07,0.3545125,0.26660818
2023-05-08,0.35930625,0.26383263
2023-05-09,0.3641,0.26102257
2023-05-10,0.35906249999999995,0.2795205
2023-05-11,0.354025,0.2707929
2023-05-12,0.3489875,0.28286973
2023-05-13,0.34395,0.2757936
2023-05-14,0.33891249999999995,0.27482522
2023-05-15,0.333875,0.28006595
2023-05-16,0.3288375,0.2885052
2023-05-17,0.3238,0.29399812
2023-05-18,0.31876249999999995,0.29848444
2023-05-19,0.313725,0.29515633
2023-05-20,0.3086875,0.2938964
2023-05-21,0.30365,0.28789604
2023-05-22,0.29861249999999995,0.2946084
2023-05-23,0.293575,0.2873198
2023-05-24,0.2885375,0.2911416
2023-05-25,0.2835,0.2967958
2023-05-26,0.2897375,0.3063232
2023-05-27,0.295975,0.30297875
2023-05-28,0.3022125,0.30544332
2023-05-29,0.30845,0.2992162
2023-05-30,0.31468749999999995,0.30439076
2023-05-31,0.32092499999999996,0.3007203
2023-06-01,0.32716249999999997,0.2944079
2023-06-02,0.3334,0.3042161
2023-06-03,0.3396375,0.3043447
2023-06-04,0.345875,0.3058039
2023-06-05,0.3521125,0.29591888
2023-06-06,0.35834999999999995,0.28001693
2023-06-07,0.36458749999999995,0.27635705
2023-06-08,0.37082499999999996,0.26663634
2023-06-09,0.37706249999999997,0.26718333
2023-06-10,0.3833,0.266094
2023-06-11,0.37282499999999996,0.25971484
2023-06-12,0.36235,0.25529945
2023-06-13,0.351875,0.26819378
2023-06-14,0.3414,0.26445678
2023-06-15,0.33092499999999997,0.27961567
2023-06-16,0.32045,0.285787
2023-06-17,0.309975,0.29358947
2023-06-18,0.2995,0.2970555
2023-06-19,0.289025,0.3007203
2023-06-20,0.27855,0.2946084
2023-06-21,0.268075,0.28979
2023-06-22,0.2576,0.2903477
2023-06-23,0.247125,0.2906839
2023-06-24,0.23665000000000003,0.29259455
2023-06-25,0.22617500000000001,0.2996698
2023-06-26,0.2157,0.3149262
2023-06-27,0.2182625,0.32073113
2023-06-28,0.220825,0.30418018
2023-06-29,0.2233875,0.29296944
2023-06-30,0.22594999999999998,0.29387632
2023-07-01,0.2285125,0.2944079
2023-07-02,0.231075,0.29613853
2023-07-03,0.2336375,0.29609782
2023-07-04,0.2362,0.285628
2023-07-05,0.2387625,0.27281368
2023-07-06,0.24132499999999998,0.2645325
2023-07-07,0.24388749999999998,0.25853702
2023-07-08,0.24645,0.26383263
2023-07-09,0.2490125,0.26497984
2023-07-10,0.251575,0.25264218
2023-07-11,0.2541375,0.2441498
2023-07-12,0.2567,0.24969938
2023-07-13,0.25687499999999996,0.2476286
2023-07-14,0.25705,0.25014946
2023-07-15,0.257225,0.25276065
2023-07-16,0.25739999999999996,0.25948954
2023-07-17,0.257575,0.25095055
2023-07-18,0.25775,0.25095055
2023-07-19,0.257925,0.24969938
2023-07-20,0.2581,0.24405567
2023-07-21,0.258275,0.2431923
2023-07-22,0.25845,0.24969938
2023-07-23,0.258625,0.24969938
2023-07-24,0.25880000000000003,0.26012906
2023-07-25,0.258975,0.2514595
2023-07-26,0.25915,0.25214094
2023-07-27,0.259325,0.2529645
2023-07-28,0.2595,0.25401518
2023-07-29,0.2581875,0.25581795
2023-07-30,0.256875,0.25632945
2023-07-31,0.2555625,0.24937364
2023-08-01,0.25425000000000003,0.2455389
2023-08-02,0.2529375,0.2612047
2023-08-03,0.251625,0.26942927
2023-08-04,0.2503125,0.25819212
2023-08-05,0.249,0.25781292
2023-08-06,0.2476875,0.2583495
2023-08-07,0.246375,0.2669595
2023-08-08,0.2450625,0.2574386
2023-08-09,0.24375,0.25117153
2023-08-10,0.2424375,0.2575224
2023-08-11,0.241125,0.2575224
2023-08-12,0.23981249999999998,0.2573219
2023-08-13,0.2385,0.27092907
2023-08-14,0.23783749999999998,0.27129278
2023-08-15,0.237175,0.2695913
2023-08-16,0.2365125,0.2612047
2023-08-17,0.23585,0.262219
2023-08-18,0.2351875,0.2633942
2023-08-19,0.23452499999999998,0.26658657
2023-08-20,0.2338625,0.2669503
2023-08-21,0.2332,0.2633942
2023-08-22,0.23253749999999998,0.263833
2023-08-23,0.231875,0.26687953
2023-08-24,0.2312125,0.2679487
2023-08-25,0.23054999999999998,0.2679487
2023-08-26,0.2298875,0.26571605
2023-08-27,0.22922499999999998,0.26368517
2023-08-28,0.2285625,0.26332143
2023-08-29,0.2279,0.26496378
2023-08-30,0.22805,0.2626819
2023-08-31,0.2282,0.25948954
2023-09-01,0.22835,0.25948954
2023-09-02,0.2285,0.2531642
2023-09-03,0.22865,0.25948954
2023-09-04,0.2288,0.2575099
2023-09-05,0.22895,0.2549827
2023-09-06,0.2291,0.25095055
2023-09-07,0.22925,0.24091351
2023-09-08,0.2294,0.2544482
2023-09-09,0.22955,0.25079623
2023-09-10,0.22970000000000002,0.2531642
2023-09-11,0.22985,0.26266763
2023-09-12,0.23,0.2531642
2023-09-13,0.23015,0.25095055
2023-09-14,0.2303,0.2642776
2023-09-15,0.22500625000000002,0.2642776
2023-09-16,0.2197125,0.25948954
2023-09-17,0.21441875,0.2626154
2023-09-18,0.209125,0.2512219
2023-09-19,0.20383125000000002,0.2531642
2023-09-20,0.1985375,0.26990384
2023-09-21,0.19324375,0.25019068
2023-09-22,0.18795,0.25948954
2023-09-23,0.18265625000000002,0.26507652
2023-09-24,0.1773625,0.26572716
2023-09-25,0.17206875,0.26266763
2023-09-26,0.166775,0.24969938
2023-09-27,0.16148125000000002,0.2503414
2023-09-28,0.1561875,0.26360294
2023-09-29,0.15089375,0.26507652
2023-09-30,0.1456,0.2626819
2023-10-01,0.15306250000000002,0.2584287
2023-10-02,0.160525,0.25948954
2023-10-03,0.1679875,0.26227835
2023-10-04,0.17545,0.2637538
2023-10-05,0.1829125,0.27240518
2023-10-06,0.19037500000000002,0.2520187
2023-10-07,0.1978375,0.25638285
2023-10-08,0.2053,0.25917962
2023-10-09,0.21276250000000002,0.26092207
2023-10-10,0.220225,0.26298
2023-10-11,0.2276875,0.26184145
2023-10-12,0.23515000000000003,0.26335853
2023-10-13,0.2426125,0.27016816
2023-10-14,0.250075,0.27621433
2023-10-15,0.2575375,0.2754213
2023-10-16,0.265,0.29595575
2023-10-17,0.27885,0.28007746
2023-10-18,0.2927,0.27936193
2023-10-19,0.30655,0.27400935
2023-10-20,0.3204,0.26335704
2023-10-21,0.33425,0.26526505
2023-10-22,0.34809999999999997,0.26260546
2023-10-23,0.36195,0.2612009
2023-10-24,0.3758,0.25956762
2023-10-25,0.38965,0.25674626
2023-10-26,0.40349999999999997,0.25669974
2023-10-27,0.41735,0.25088567
2023-10-28,0.43119999999999997,0.26601726
2023-10-29,0.44504999999999995,0.26529893
2023-10-30,0.4589,0.2663667
2023-10-31,0.47275,0.2632013
2023-11-01,0.4866,0.26521984
2023-11-02,0.47121874999999996,0.2765598
2023-11-03,0.4558375,0.2618427
2023-11-04,0.44045625,0.26295856
2023-11-05,0.425075,0.27354878
2023-11-06,0.40969374999999997,0.29399812
2023-11-07,0.39431249999999995,0.29975525
2023-11-08,0.37893125,0.2870018
2023-11-09,0.36355,0.29080778
2023-11-10,0.34816875,0.32839113
2023-11-11,0.3327875,0.34567058
2023-11-12,0.31740625,0.3492954
2023-11-13,0.302025,0.3527217
2023-11-14,0.28664375,0.36155877
2023-11-15,0.27126249999999996,0.35072884
2023-11-16,0.25588125,0.35742846
2023-11-17,0.2405,0.36251035
2023-11-18,0.24740625,0.35601357
2023-11-19,0.2543125,0.35907313
2023-11-20,0.26121875,0.36053255
2023-11-21,0.268125,0.36285344
2023-11-22,0.27503125,0.33864152
2023-11-23,0.2819375,0.3511634
2023-11-24,0.28884374999999995,0.3459472
2023-11-25,0.29574999999999996,0.3204849
2023-11-26,0.30265624999999996,0.2983102
2023-11-27,0.30956249999999996,0.298989
2023-11-28,0.31646874999999997,0.29874066
2023-11-29,0.32337499999999997,0.29043454
2023-11-30,0.33028124999999997,0.28731942
2023-12-01,0.3371875,0.28453583
2023-12-02,0.34409375,0.2685207
2023-12-03,0.351,0.26385877
2023-12-04,0.3429153846153846,0.26593846
2023-12-05,0.3348307692307692,0.26920766
2023-12-06,0.32674615384615385,0.2633942
2023-12-07,0.31866153846153844,0.2677589
2023-12-08,0.3105769230769231,0.27050036
2023-12-09,0.30249230769230767,0.27495
2023-12-10,0.2944076923076923,0.26976776
2023-12-11,0.2863230769230769,0.28453583
2023-12-12,0.27823846153846155,0.2883475
2023-12-13,0.27015384615384613,0.28642583
2023-12-14,0.2620692307692308,0.2783684
2023-12-15,0.25398461538461536,0.29326972
2023-12-16,0.2459,0.30720553
2023-12-17,0.25333125,0.30530146
2023-12-18,0.2607625,0.29884365
2023-12-19,0.26819375,0.30464447
2023-12-20,0.275625,0.2966601
2023-12-21,0.28305625,0.3007203
2023-12-22,0.2904875,0.30464447
2023-12-23,0.29791875,0.30247316
2023-12-24,0.30535,0.30346182
2023-12-25,0.31278125,0.29546902
2023-12-26,0.3202125,0.28584877
2023-12-27,0.32764375,0.2758069
2023-12-28,0.335075,0.2734261
2023-12-29,0.34250625,0.27196434
2023-12-30,0.3499375,0.27050036
2023-12-31,0.35736875,0.27379617
2024-01-01,0.3648,0.26327854
2024-01-02,0.36115625,0.25308502
2024-01-03,0.3575125,0.25512657
2024-01-04,0.35386875,0.25627124
2024-01-05,0.350225,0.25733685
2024-01-06,0.34658125,0.26378712
2024-01-07,0.3429375,0.2614431
2024-01-08,0.33929375,0.2645325
2024-01-09,0.33565,0.28788504
2024-01-10,0.33200625,0.2890465
2024-01-11,0.3283625,0.28247073
2024-01-12,0.32471875,0.28346625
2024-01-13,0.321075,0.29706284
2024-01-14,0.31743125,0.28387603
2024-01-15,0.3137875,0.28971335
2024-01-16,0.31014375,0.28689894
2024-01-17,0.3065,0.29073295
2024-01-18,0.30766875,0.29189867
2024-01-19,0.3088375,0.29172322
2024-01-20,0.31000625,0.31838843
2024-01-21,0.311175,0.2816516
2024-01-22,0.31234375,0.2870018
2024-01-23,0.31351249999999997,0.29407647
2024-01-24,0.31468124999999997,0.29793653
2024-01-25,0.31584999999999996,0.2944079
2024-01-26,0.31701875,0.29399925
2024-01-27,0.3181875,0.30126822
2024-01-28,0.31935625,0.30619597
2024-01-29,0.320525,0.30738303
2024-01-30,0.32169375,0.30738303
2024-01-31,0.3228625,0.3009289
2024-02-01,0.32403125,0.30653828
2024-02-02,0.3252,0.2941306
2024-02-03,0.3312625,0.28350738
2024-02-04,0.337325,0.293101
2024-02-05,0.3433875,0.29098225
2024-02-06,0.34945,0.2941306
2024-02-07,0.3555125,0.29206294
2024-02-08,0.361575,0.29716083
2024-02-09,0.3676375,0.30118504
2024-02-10,0.37370000000000003,0.30244184
2024-02-11,0.3797625,0.3000699
2024-02-12,0.38582500000000003,0.3021862
2024-02-13,0.3918875,0.30398098
2024-02-14,0.39795,0.30523828
2024-02-15,0.4040125,0.30151546
2024-02-16,0.410075,0.3058039
2024-02-17,0.4161375,0.30423468
2024-02-18,0.4222,0.30810136
2024-02-19,0.42525,0.29848444
2024-02-20,0.4283,0.29444432
2024-02-21,0.43135,0.3072257
2024-02-22,0.4344,0.29071
2024-02-23,0.43745,0.28371254
2024-02-24,0.4405,0.2858898
2024-02-25,0.44355,0.29494002
2024-02-26,0.4466,0.29860106
2024-02-27,0.44965,0.31290844
2024-02-28,0.4527,0.3780178
2024-02-29,0.45575,0.34756064
2024-03-01,0.4588,0.3321366
2024-03-02,0.46185,0.33424783
2024-03-03,0.4649,0.35088676
2024-03-04,0.46795,0.33886886
2024-03-05,0.471,0.3354728
2024-03-06,0.45600624999999995,0.3511647
2024-03-07,0.4410125,0.35431305
2024-03-08,0.42601875,0.36858654
2024-03-09,0.411025,0.3568721
2024-03-10,0.39603124999999995,0.3659763
2024-03-11,0.3810375,0.35553217
2024-03-12,0.36604375,0.3511705
2024-03-13,0.35105,0.3647588
2024-03-14,0.33605624999999995,0.36089212
2024-03-15,0.3210625,0.35244012
2024-03-16,0.30606875,0.3603231
2024-03-17,0.291075,0.36087096
2024-03-18,0.27608124999999994,0.35871467
2024-03-19,0.2610875,0.36290678
2024-03-20,0.24609374999999997,0.36089212
2024-03-21,0.2311,0.360132
2024-03-22,0.23416875,0.3651878
2024-03-23,0.2372375,0.3653789
2024-03-24,0.24030625,0.3851427
2024-03-25,0.243375,0.38825166
2024-03-26,0.24644375,0.33104166
2024-03-27,0.2495125,0.34252223
2024-03-28,0.25258125,0.33654433
2024-03-29,0.25565,0.30558416
2024-03-30,0.25871875,0.30351573
2024-03-31,0.2617875,0.30806944
2024-04-01,0.26485625,0.30423468
2024-04-02,0.267925,0.2906417
2024-04-03,0.27099375000000003,0.27052107
2024-04-04,0.2740625,0.2642988
2024-04-05,0.27713125,0.29021558
2024-04-06,0.2802,0.2788807
2024-04-07,0.2992,0.26394793
2024-04-08,0.31820000000000004,0.26345584
2024-04-09,0.3372,0.2635711
2024-04-10,0.3562,0.24474823
2024-04-11,0.37520000000000003,0.24969938
2024-04-12,0.3942,0.274968
2024-04-13,0.4132,0.2729966
2024-04-14,0.43220000000000003,0.25449327
2024-04-15,0.45120000000000005,0.27167273
2024-04-16,0.47020000000000006,0.26898026
2024-04-17,0.4892,0.25619373
2024-04-18,0.5082,0.26106676
2024-04-19,0.5272,0.25858802
2024-04-20,0.5462,0.24855088
2024-04-21,0.5652,0.3013892
2024-04-22,0.5842,0.28361392
2024-04-23,0.5716187500000001,0.28454402
2024-04-24,0.5590375000000001,0.29411063
2024-04-25,0.5464562500000001,0.30607864
2024-04-26,0.5338750000000001,0.31625968
2024-04-27,0.52129375,0.32212737
2024-04-28,0.5087125,0.40886083
2024-04-29,0.49613125,0.3629649
2024-04-30,0.48355000000000004,0.3723697
2024-05-01,0.47096875000000005,0.4255118
2024-05-02,0.45838750000000006,0.37764588
2024-05-03,0.44580625,0.3575298
2024-05-04,0.433225,0.33952004
2024-05-05,0.42064375,0.34009317
2024-05-06,0.4080625,0.37223905
2024-05-07,0.39548125,0.36361238
2024-05-08,0.3829,0.33620647
2024-05-09,0.381325,0.34326842
2024-05-10,0.37975000000000003,0.34326842
2024-05-11,0.37817500000000004,0.34326842
2024-05-12,0.3766,0.34921226
2024-05-13,0.375025,0.3388234
2024-05-14,0.37345,0.33909664
2024-05-15,0.371875,0.334176
2024-05-16,0.3703,0.33987936
2024-05-17,0.368725,0.33511806
2024-05-18,0.36715000000000003,0.34441882
2024-05-19,0.36557500000000004,0.36911136
2024-05-20,0.364,0.35499525
2024-05-21,0.362425,0.34272933
2024-05-22,0.36085,0.38355646
2024-05-23,0.359275,0.32920673
2024-05-24,0.3577,0.33201477
2024-05-25,0.35703125,0.31622076
2024-05-26,0.3563625,0.32277885
2024-05-27,0.35569375000000003,0.32322824
2024-05-28,0.355025,0.31805116
2024-05-29,0.35435625,0.31558895
2024-05-30,0.3536875,0.29945686
2024-05-31,0.35301875,0.30690175
2024-06-01,0.35235,0.30418018
2024-06-02,0.35168125,0.30481055
2024-06-03,0.3510125,0.29222155
2024-06-04,0.35034375,0.30894887
2024-06-05,0.34967499999999996,0.2922277
2024-06-06,0.34900624999999996,0.29075962
2024-06-07,0.34833749999999997,0.29264814
2024-06-08,0.34766874999999997,0.27901596
2024-06-09,0.347,0.27889207
2024-06-10,0.3457625,0.2862105
2024-06-11,0.34452499999999997,0.2862105
2024-06-12,0.34328749999999997,0.29073295
2024-06-13,0.34204999999999997,0.28622258
2024-06-14,0.34081249999999996,0.2913421
2024-06-15,0.33957499999999996,0.29136333
2024-06-16,0.33833749999999996,0.29309127
2024-06-17,0.3371,0.28530174
2024-06-18,0.3358625,0.27875638
2024-06-19,0.334625,0.2903477
2024-06-20,0.3333875,0.29050508
2024-06-21,0.33215,0.29223892
2024-06-22,0.3309125,0.30278978
2024-06-23,0.329675,0.2870018
2024-06-24,0.3284375,0.2822856
2024-06-25,0.3272,0.28263924
2024-06-26,0.3226,0.2731219
2024-06-27,0.318,0.2845401
2024-06-28,0.3134,0.3007203
2024-06-29,0.30879999999999996,0.29399925
2024-06-30,0.30419999999999997,0.29399925
2024-07-01,0.2996,0.2946084
2024-07-02,0.295,0.29399925
2024-07-03,0.2904,0.2944079
2024-07-04,0.2858,0.29399925
2024-07-05,0.2812,0.2945653
2024-07-06,0.2766,0.29431728
2024-07-07,0.272,0.28159723
2024-07-08,0.26739999999999997,0.31171167
2024-07-09,0.2628,0.29952198
2024-07-10,0.2582,0.30612192
2024-07-11,0.2536,0.29848444
2024-07-12,0.24437499999999998,0.29495582
2024-07-13,0.23515,0.29399812
2024-07-14,0.225925,0.29358947
2024-07-15,0.2167,0.2789815
2024-07-16,0.207475,0.27639824
2024-07-17,0.19824999999999998,0.27311045
2024-07-18,0.189025,0.2663968
2024-07-19,0.1798,0.2682713
2024-07-20,0.17057499999999998,0.2645325
2024-07-21,0.16135,0.26064342
2024-07-22,0.15212499999999998,0.26152062
2024-07-23,0.14289999999999997,0.25387445
2024-07-24,0.133675,0.25858802
2024-07-25,0.12444999999999998,0.25733685
2024-07-26,0.115225,0.26538134
2024-07-27,0.106,0.27333522
2024-07-28,0.11890624999999999,0.2529645
2024-07-29,0.1318125,0.24158606
2024-07-30,0.14471875,0.24806446
2024-07-31,0.15762500000000002,0.24091351
2024-08-01,0.17053125000000002,0.24889691
2024-08-02,0.1834375,0.2412072
2024-08-03,0.19634375,0.24287394
2024-08-04,0.20925,0.24670815
2024-08-05,0.22215625,0.24367207
2024-08-06,0.2350625,0.24117348
2024-08-07,0.24796875000000002,0.2546303
2024-08-08,0.260875,0.27501053
2024-08-09,0.27378125000000003,0.26826072
2024-08-10,0.28668750000000004,0.26299942
2024-08-11,0.29959375000000005,0.26837015
2024-08-12,0.3125,0.26837015
2024-08-13,0.31289375,0.26524368
2024-08-14,0.3132875,0.2653287
2024-08-15,0.31368125,0.2631058
2024-08-16,0.314075,0.26083204
2024-08-17,0.31446874999999996,0.25968853
2024-08-18,0.3148625,0.24995922
2024-08-19,0.31525625,0.24209987
2024-08-20,0.31565,0.23880248
2024-08-21,0.31604375,0.23197941
2024-08-22,0.3164375,0.25025585
2024-08-23,0.31683125,0.24962188
2024-08-24,0.317225,0.25305083
2024-08-25,0.31761874999999995,0.2573219
2024-08-26,0.3180125,0.27050036
2024-08-27,0.31840625,0.2795205
2024-08-28,0.3188,0.28407302
2024-08-29,0.31391874999999997,0.29590404
2024-08-30,0.30903749999999997,0.29958934
2024-08-31,0.30415624999999996,0.29591888
2024-09-01,0.29927499999999996,0.29886675
2024-09-02,0.29439375,0.28909498
2024-09-03,0.2895125,0.28851086
2024-09-04,0.28463125,0.2998162
2024-09-05,0.27975,0.2951741
2024-09-06,0.27486875,0.30017993
2024-09-07,0.2699875,0.2998162
2024-09-08,0.26510625,0.2998162
2024-09-09,0.260225,0.29725844
2024-09-10,0.25534375,0.29043454
2024-09-11,0.25046250000000003,0.29114655
2024-09-12,0.24558125,0.29833087
2024-09-13,0.2407,0.29555196
2024-09-14,0.24164375,0.29833573
2024-09-15,0.2425875,0.29995307
2024-09-16,0.24353125,0.27964485
2024-09-17,0.244475,0.28912073
2024-09-18,0.24541875000000002,0.2853395
2024-09-19,0.2463625,0.28227383
2024-09-20,0.24730625,0.2849777
2024-09-21,0.24825000000000003,0.26771343
2024-09-22,0.24919375000000002,0.2780744
2024-09-23,0.2501375,0.2763374
2024-09-24,0.25108125000000003,0.27405646
2024-09-25,0.252025,0.276738
2024-09-26,0.25296875,0.2624979
2024-09-27,0.25391250000000004,0.2540176
2024-09-28,0.25485625,0.2529645
2024-09-29,0.2558,0.2514595
2024-09-30,0.25351875,0.24969938
2024-10-01,0.2512375,0.25075004
2024-10-02,0.24895625000000002,0.26099592
2024-10-03,0.24667500000000003,0.2614805
2024-10-04,0.24439375000000002,0.2626898
2024-10-05,0.2421125,0.2546469
2024-10-06,0.23983125000000002,0.26241767
2024-10-07,0.23755,0.26562223
2024-10-08,0.23526875,0.26506165
2024-10-09,0.23298750000000001,0.26620424
2024-10-10,0.23070625,0.26818228
2024-10-11,0.228425,0.26923126
2024-10-12,0.22614375,0.26963183
2024-10-13,0.2238625,0.26695493
2024-10-14,0.22158125,0.2694632
2024-10-15,0.2193,0.26141456
2024-10-16,0.2261125,0.24773188
2024-10-17,0.232925,0.2542157
2024-10-18,0.2397375,0.25706887
2024-10-19,0.24655,0.26822516
2024-10-20,0.2533625,0.25200015
2024-10-21,0.260175,0.25128096
2024-10-22,0.2669875,0.26332143
2024-10-23,0.2738,0.26496378
2024-10-24,0.2806125,0.25948954
2024-10-25,0.287425,0.2507432
2024-10-26,0.2942375,0.2642776
2024-10-27,0.30105,0.26572716
2024-10-28,0.3078625,0.26572716
2024-10-29,0.314675,0.26601726
2024-10-30,0.3214875,0.26486412
2024-10-31,0.3283,0.26171777
2024-11-01,0.3340625,0.26227835
2024-11-02,0.339825,0.26529893
2024-11-03,0.3455875,0.2628002
2024-11-04,0.35135,0.26593846
2024-11-05,0.3571125,0.26848933
2024-11-06,0.362875,0.2657363
2024-11-07,0.3686375,0.27064782
2024-11-08,0.37439999999999996,0.2758749
2024-11-09,0.38016249999999996,0.2765598
2024-11-10,0.38592499999999996,0.27945915
2024-11-11,0.39168749999999997,0.2849983
2024-11-12,0.39744999999999997,0.26718333
2024-11-13,0.4032125,0.28286973
2024-11-14,0.408975,0.2783684
2024-11-15,0.4147375,0.2931351
2024-11-16,0.4205,0.30031052
2024-11-17,0.4191875,0.29454717
2024-11-18,0.417875,0.3007203
2024-11-19,0.4165625,0.30437648
2024-11-20,0.41525,0.30439076
2024-11-21,0.4139375,0.2924474
2024-11-22,0.412625,0.29073295
2024-11-23,0.4113125,0.37246108
2024-11-24,0.41000000000000003,0.30138484
2024-11-25,0.4086875,0.31907
2024-11-26,0.407375,0.31980473
2024-11-27,0.4060625,0.32709923
2024-11-28,0.40475,0.32840028
2024-11-29,0.4034375,0.32903066
2024-11-30,0.402125,0.36920118
2024-12-01,0.4008125,0.33486232
2024-12-02,0.3995,0.33598274
2024-12-03,0.3904571428571429,0.33566144
2024-12-04,0.3814142857142857,0.34650257
2024-12-05,0.3723714285714286,0.35431305
2024-12-06,0.36332857142857145,0.34954783
2024-12-07,0.3542857142857143,0.35431305
2024-12-08,0.34524285714285713,0.34898725
2024-12-09,0.3362,0.3527217
2024-12-10,0.32715714285714287,0.35431305
